공용 울 립 조직 머플러 RE0058,26,1,"87,200",20,NULL,54N 166,NULL,https://img.ssfshop.com/cmd/LB_750x1000/src/https://img.ssfshop.com/goods/ORBR/24/11/06/GQ2N24110651716_0_THNAIL_ORGINL_20241106140929146.jpg,NULL,NULL,0,0,SYSDATE,SYSDATE,2,NULL,0,100
남성 울 케이블 니트 장갑 RV101E,26,1,"63,200",20,NULL,54N 031,NULL,https://img.ssfshop.com/cmd/LB_750x1000/src/https://img.ssfshop.com/goods/ORBR/24/11/06/GQ2N24110651714_0_THNAIL_ORGINL_20241106140836893.jpg,NULL,NULL,0,0,SYSDATE,SYSDATE,2,NULL,0,100
남성 울 케이블 니트 장갑 RV101E,26,1,"63,200",20,NULL,54N CCA,NULL,https://img.ssfshop.com/cmd/LB_750x1000/src/https://img.ssfshop.com/goods/ORBR/24/11/06/GQ2N24110651715_0_THNAIL_ORGINL_20241106140902990.jpg,NULL,NULL,0,0,SYSDATE,SYSDATE,2,NULL,0,100
공용 다운 패딩 머플러 RE002E,26,1,"103,200",20,NULL,54N 031,NULL,https://img.ssfshop.com/cmd/LB_750x1000/src/https://img.ssfshop.com/goods/ORBR/24/10/23/GQ2N24102399026_0_THNAIL_ORGINL_20241025135743387.jpg,NULL,NULL,0,0,SYSDATE,SYSDATE,2,NULL,0,100
공용 다운 패딩 머플러 RE002E,26,1,"103,200",20,NULL,54N 70V,NULL,https://img.ssfshop.com/cmd/LB_750x1000/src/https://img.ssfshop.com/goods/ORBR/24/10/23/GQ2N24102399027_0_THNAIL_ORGINL_20241025135700292.jpg,NULL,NULL,0,0,SYSDATE,SYSDATE,2,NULL,0,100
공용 톤온톤 비니 RB3152,26,1,"63,200",20,NULL,54N 02S,NULL,https://img.ssfshop.com/cmd/LB_750x1000/src/https://img.ssfshop.com/goods/ORBR/24/10/02/GQ2N24100235490_0_THNAIL_ORGINL_20241004123817958.jpg,NULL,NULL,0,0,SYSDATE,SYSDATE,2,NULL,0,100
공용 울 립 조직 머플러 RE0058,26,1,"87,200",20,NULL,54N 031,NULL,https://img.ssfshop.com/cmd/LB_750x1000/src/https://img.ssfshop.com/goods/ORBR/24/09/24/GQ2N24092437220_0_THNAIL_ORGINL_20240924215256548.jpg,NULL,NULL,0,0,SYSDATE,SYSDATE,2,NULL,0,100
공용 울 립 조직 비니 RB4737,26,1,"71,200",20,NULL,54N I7Y,NULL,https://img.ssfshop.com/cmd/LB_750x1000/src/https://img.ssfshop.com/goods/ORBR/24/09/24/GQ2N24092437222_0_THNAIL_ORGINL_20240924215350609.jpg,NULL,NULL,0,0,SYSDATE,SYSDATE,2,NULL,0,100
공용 캐시혼방 솔리드 머플러 RE003E,26,1,"111,200",20,NULL,54N SHI,NULL,https://img.ssfshop.com/cmd/LB_750x1000/src/https://img.ssfshop.com/goods/ORBR/24/09/10/GQ2N24091078901_0_THNAIL_ORGINL_20240910185634526.jpg,NULL,NULL,0,0,SYSDATE,SYSDATE,2,NULL,0,100
공용 울캐시 혼방 베이직 머플러 RE7394,26,1,"111,200",20,NULL,54N 031,NULL,https://img.ssfshop.com/cmd/LB_750x1000/src/https://img.ssfshop.com/goods/ORBR/24/09/10/GQ2N24091078919_0_THNAIL_ORGINL_20240910185659904.jpg,NULL,NULL,0,0,SYSDATE,SYSDATE,2,NULL,0,100
공용 케이블 울 머플러 RE001E,26,1,"111,200",20,NULL,54N 050,NULL,https://img.ssfshop.com/cmd/LB_750x1000/src/https://img.ssfshop.com/goods/ORBR/24/09/12/GQ2N24091216834_0_THNAIL_ORGINL_20240912181635711.jpg,NULL,NULL,0,0,SYSDATE,SYSDATE,2,NULL,0,100
공용 베이직 장갑 RV0452,26,1,"55,200",20,NULL,54N 166,NULL,https://img.ssfshop.com/cmd/LB_750x1000/src/https://img.ssfshop.com/goods/ORBR/24/09/12/GQ2N24091216829_0_THNAIL_ORGINL_20240912181544203.jpg,NULL,NULL,0,0,SYSDATE,SYSDATE,2,NULL,0,100
공용 캐시혼방 솔리드 머플러 RE003E,26,1,"111,200",20,NULL,54N CCA,NULL,https://img.ssfshop.com/cmd/LB_750x1000/src/https://img.ssfshop.com/goods/ORBR/24/09/10/GQ2N24091078896_0_THNAIL_ORGINL_20240910185609578.jpg,NULL,NULL,0,0,SYSDATE,SYSDATE,2,NULL,0,100
공용 케이블 울 머플러 RE001E,26,1,"111,200",20,NULL,54N XFJ,NULL,https://img.ssfshop.com/cmd/LB_750x1000/src/https://img.ssfshop.com/goods/ORBR/24/09/12/GQ2N24091216836_0_THNAIL_ORGINL_20240912181701073.jpg,NULL,NULL,0,0,SYSDATE,SYSDATE,2,NULL,0,100
공용 울 립 조직 비니 RB4737,26,1,"71,200",20,NULL,54N I7X,NULL,https://img.ssfshop.com/cmd/LB_750x1000/src/https://img.ssfshop.com/goods/ORBR/24/09/10/GQ2N24091078938_0_THNAIL_ORGINL_20240910185907099.jpg,NULL,NULL,0,0,SYSDATE,SYSDATE,2,NULL,0,100