"https://img.ssfshop.com/cmd/RB_750x/src/https://img.ssfshop.com/goods/BPBR/24/10/30/GM0024103019868_0_THNAIL_ORGINL_20241101161504699.jpg, SYSDATE,1"
"https://img.ssfshop.com/cmd/RB_750x/src/https://img.ssfshop.com/goods/BPBR/24/10/30/GM0024103019868_1_THNAIL_ORGINL_20241101161504699.jpg, SYSDATE,1"
"https://img.ssfshop.com/cmd/RB_750x/src/https://img.ssfshop.com/goods/BPBR/24/10/30/GM0024103019868_2_THNAIL_ORGINL_20241101161504699.jpg, SYSDATE,1"
----------------------------------------
"https://img.ssfshop.com/cmd/RB_750x/src/https://img.ssfshop.com/goods/BPBR/24/11/01/GM0024110178444_0_THNAIL_ORGINL_20241105120437342.jpg, SYSDATE,1"
"https://img.ssfshop.com/cmd/RB_750x/src/https://img.ssfshop.com/goods/BPBR/24/11/01/GM0024110178444_1_THNAIL_ORGINL_20241105120437342.jpg, SYSDATE,1"
"https://img.ssfshop.com/cmd/RB_750x/src/https://img.ssfshop.com/goods/BPBR/24/11/01/GM0024110178444_2_THNAIL_ORGINL_20241105120437342.jpg, SYSDATE,1"
----------------------------------------
"https://img.ssfshop.com/cmd/RB_750x/src/https://img.ssfshop.com/goods/BPBR/24/11/01/GM0024110178447_0_THNAIL_ORGINL_20241111143531077.jpg, SYSDATE,1"
"https://img.ssfshop.com/cmd/RB_750x/src/https://img.ssfshop.com/goods/BPBR/24/11/01/GM0024110178447_0_THNAIL_ORGINL_20241105120439326.jpg, SYSDATE,1"
"https://img.ssfshop.com/cmd/RB_750x/src/https://img.ssfshop.com/goods/BPBR/24/11/01/GM0024110178447_1_THNAIL_ORGINL_20241105120439326.jpg, SYSDATE,1"
----------------------------------------
"https://img.ssfshop.com/cmd/RB_750x/src/https://img.ssfshop.com/goods/BPBR/24/09/19/GM0024091978251_0_THNAIL_ORGINL_20240926101518296.jpg, SYSDATE,1"
"https://img.ssfshop.com/cmd/RB_750x/src/https://img.ssfshop.com/goods/BPBR/24/09/19/GM0024091978251_1_THNAIL_ORGINL_20240926101518296.jpg, SYSDATE,1"
"https://img.ssfshop.com/cmd/RB_750x/src/https://img.ssfshop.com/goods/BPBR/24/09/19/GM0024091978251_2_THNAIL_ORGINL_20240926101518296.jpg, SYSDATE,1"
----------------------------------------
"https://img.ssfshop.com/cmd/RB_750x/src/https://img.ssfshop.com/goods/BPBR/24/10/30/GM0024103023923_0_THNAIL_ORGINL_20241030184834455.jpg, SYSDATE,1"
"https://img.ssfshop.com/cmd/RB_750x/src/https://img.ssfshop.com/goods/BPBR/24/10/30/GM0024103023923_1_THNAIL_ORGINL_20241030184834455.jpg, SYSDATE,1"
"https://img.ssfshop.com/cmd/RB_750x/src/https://img.ssfshop.com/goods/BPBR/24/10/30/GM0024103023923_2_THNAIL_ORGINL_20241030184834455.jpg, SYSDATE,1"
----------------------------------------
"https://img.ssfshop.com/cmd/RB_750x/src/https://img.ssfshop.com/goods/BPBR/24/09/19/GM0024091978256_0_THNAIL_ORGINL_20241111143530654.jpg, SYSDATE,1"
"https://img.ssfshop.com/cmd/RB_750x/src/https://img.ssfshop.com/goods/BPBR/24/09/19/GM0024091978256_0_THNAIL_ORGINL_20240926101528457.jpg, SYSDATE,1"
"https://img.ssfshop.com/cmd/RB_750x/src/https://img.ssfshop.com/goods/BPBR/24/09/19/GM0024091978256_1_THNAIL_ORGINL_20240926101528457.jpg, SYSDATE,1"
----------------------------------------
"https://img.ssfshop.com/cmd/RB_750x/src/https://img.ssfshop.com/goods/BPBR/24/08/30/GM0024083001633_0_THNAIL_ORGINL_20241015181753239.jpg, SYSDATE,1"
"https://img.ssfshop.com/cmd/RB_750x/src/https://img.ssfshop.com/goods/BPBR/24/08/30/GM0024083001633_1_THNAIL_ORGINL_20241015181753239.jpg, SYSDATE,1"
"https://img.ssfshop.com/cmd/RB_750x/src/https://img.ssfshop.com/goods/BPBR/24/08/30/GM0024083001633_2_THNAIL_ORGINL_20241015181753239.jpg, SYSDATE,1"
----------------------------------------
"https://img.ssfshop.com/cmd/RB_750x/src/https://img.ssfshop.com/goods/BPBR/24/10/17/GM0024101731729_0_THNAIL_ORGINL_20241112161719161.jpg, SYSDATE,1"
"https://img.ssfshop.com/cmd/RB_750x/src/https://img.ssfshop.com/goods/BPBR/24/10/17/GM0024101731729_1_THNAIL_ORGINL_20241112161719161.jpg, SYSDATE,1"
"https://img.ssfshop.com/cmd/RB_750x/src/https://img.ssfshop.com/goods/BPBR/24/10/17/GM0024101731729_2_THNAIL_ORGINL_20241112161719161.jpg, SYSDATE,1"
----------------------------------------
"https://img.ssfshop.com/cmd/RB_750x/src/https://img.ssfshop.com/goods/BPBR/24/09/20/GM0024092092373_0_THNAIL_ORGINL_20241022183719918.jpg, SYSDATE,1"
"https://img.ssfshop.com/cmd/RB_750x/src/https://img.ssfshop.com/goods/BPBR/24/09/20/GM0024092092373_1_THNAIL_ORGINL_20241022183719918.jpg, SYSDATE,1"
"https://img.ssfshop.com/cmd/RB_750x/src/https://img.ssfshop.com/goods/BPBR/24/09/20/GM0024092092373_2_THNAIL_ORGINL_20241022183719918.jpg, SYSDATE,1"
----------------------------------------
"https://img.ssfshop.com/cmd/RB_750x/src/https://img.ssfshop.com/goods/BPBR/24/10/30/GM0024103023922_0_THNAIL_ORGINL_20241030184833087.jpg, SYSDATE,1"
"https://img.ssfshop.com/cmd/RB_750x/src/https://img.ssfshop.com/goods/BPBR/24/10/30/GM0024103023922_1_THNAIL_ORGINL_20241030184833087.jpg, SYSDATE,1"
"https://img.ssfshop.com/cmd/RB_750x/src/https://img.ssfshop.com/goods/BPBR/24/10/30/GM0024103023922_2_THNAIL_ORGINL_20241030184833087.jpg, SYSDATE,1"
----------------------------------------
"https://img.ssfshop.com/cmd/RB_750x/src/https://img.ssfshop.com/goods/BPBR/24/10/18/GM0024101854641_0_THNAIL_ORGINL_20241030182251740.jpg, SYSDATE,1"
"https://img.ssfshop.com/cmd/RB_750x/src/https://img.ssfshop.com/goods/BPBR/24/10/18/GM0024101854641_1_THNAIL_ORGINL_20241030182251740.jpg, SYSDATE,1"
"https://img.ssfshop.com/cmd/RB_750x/src/https://img.ssfshop.com/goods/BPBR/24/10/18/GM0024101854641_2_THNAIL_ORGINL_20241030182251740.jpg, SYSDATE,1"
----------------------------------------
"https://img.ssfshop.com/cmd/RB_750x/src/https://img.ssfshop.com/goods/BPBR/24/10/18/GM0024101854643_0_THNAIL_ORGINL_20241112161650574.jpg, SYSDATE,1"
"https://img.ssfshop.com/cmd/RB_750x/src/https://img.ssfshop.com/goods/BPBR/24/10/18/GM0024101854643_1_THNAIL_ORGINL_20241112161650574.jpg, SYSDATE,1"
"https://img.ssfshop.com/cmd/RB_750x/src/https://img.ssfshop.com/goods/BPBR/24/10/18/GM0024101854643_2_THNAIL_ORGINL_20241112161650574.jpg, SYSDATE,1"
----------------------------------------
"https://img.ssfshop.com/cmd/RB_750x/src/https://img.ssfshop.com/goods/BPBR/24/10/16/GM0024101616206_0_THNAIL_ORGINL_20241018113915402.jpg, SYSDATE,1"
"https://img.ssfshop.com/cmd/RB_750x/src/https://img.ssfshop.com/goods/BPBR/24/10/16/GM0024101616206_1_THNAIL_ORGINL_20241018113915402.jpg, SYSDATE,1"
"https://img.ssfshop.com/cmd/RB_750x/src/https://img.ssfshop.com/goods/BPBR/24/10/16/GM0024101616206_2_THNAIL_ORGINL_20241018113915402.jpg, SYSDATE,1"
----------------------------------------
"https://img.ssfshop.com/cmd/RB_750x/src/https://img.ssfshop.com/goods/BPBR/24/09/20/GM0024092092374_0_THNAIL_ORGINL_20241111143531387.jpg, SYSDATE,1"
"https://img.ssfshop.com/cmd/RB_750x/src/https://img.ssfshop.com/goods/BPBR/24/09/20/GM0024092092374_0_THNAIL_ORGINL_20240926101532728.jpg, SYSDATE,1"
"https://img.ssfshop.com/cmd/RB_750x/src/https://img.ssfshop.com/goods/BPBR/24/09/20/GM0024092092374_1_THNAIL_ORGINL_20240926101532728.jpg, SYSDATE,1"
----------------------------------------
"https://img.ssfshop.com/cmd/RB_750x/src/https://img.ssfshop.com/goods/BPBR/24/10/18/GM0024101854642_0_THNAIL_ORGINL_20241112161648058.jpg, SYSDATE,1"
"https://img.ssfshop.com/cmd/RB_750x/src/https://img.ssfshop.com/goods/BPBR/24/10/18/GM0024101854642_1_THNAIL_ORGINL_20241112161648058.jpg, SYSDATE,1"
"https://img.ssfshop.com/cmd/RB_750x/src/https://img.ssfshop.com/goods/BPBR/24/10/18/GM0024101854642_2_THNAIL_ORGINL_20241112161648058.jpg, SYSDATE,1"
아우터
"https://img.ssfshop.com/cmd/RB_750x/src/https://img.ssfshop.com/goods/BPBR/24/10/18/GM0024101854641_0_THNAIL_ORGINL_20241030182251740.jpg, SYSDATE,1"
"https://img.ssfshop.com/cmd/RB_750x/src/https://img.ssfshop.com/goods/BPBR/24/10/18/GM0024101854641_1_THNAIL_ORGINL_20241030182251740.jpg, SYSDATE,1"
"https://img.ssfshop.com/cmd/RB_750x/src/https://img.ssfshop.com/goods/BPBR/24/10/18/GM0024101854641_2_THNAIL_ORGINL_20241030182251740.jpg, SYSDATE,1"
----------------------------------------
"https://img.ssfshop.com/cmd/RB_750x/src/https://img.ssfshop.com/goods/BPBR/24/10/16/GM0024101616206_0_THNAIL_ORGINL_20241018113915402.jpg, SYSDATE,1"
"https://img.ssfshop.com/cmd/RB_750x/src/https://img.ssfshop.com/goods/BPBR/24/10/16/GM0024101616206_1_THNAIL_ORGINL_20241018113915402.jpg, SYSDATE,1"
"https://img.ssfshop.com/cmd/RB_750x/src/https://img.ssfshop.com/goods/BPBR/24/10/16/GM0024101616206_2_THNAIL_ORGINL_20241018113915402.jpg, SYSDATE,1"
----------------------------------------
"https://img.ssfshop.com/cmd/RB_750x/src/https://img.ssfshop.com/goods/BPBR/24/10/16/GM0024101616204_0_THNAIL_ORGINL_20241111143530275.jpg, SYSDATE,1"
"https://img.ssfshop.com/cmd/RB_750x/src/https://img.ssfshop.com/goods/BPBR/24/10/16/GM0024101616204_0_THNAIL_ORGINL_20241018113913396.jpg, SYSDATE,1"
"https://img.ssfshop.com/cmd/RB_750x/src/https://img.ssfshop.com/goods/BPBR/24/10/16/GM0024101616204_1_THNAIL_ORGINL_20241018113913396.jpg, SYSDATE,1"
----------------------------------------
"https://img.ssfshop.com/cmd/RB_750x/src/https://img.ssfshop.com/goods/BPBR/24/10/17/GM0024101731874_0_THNAIL_ORGINL_20241031100211553.jpg, SYSDATE,1"
"https://img.ssfshop.com/cmd/RB_750x/src/https://img.ssfshop.com/goods/BPBR/24/10/17/GM0024101731874_1_THNAIL_ORGINL_20241031100211553.jpg, SYSDATE,1"
"https://img.ssfshop.com/cmd/RB_750x/src/https://img.ssfshop.com/goods/BPBR/24/10/17/GM0024101731874_2_THNAIL_ORGINL_20241031100211553.jpg, SYSDATE,1"
----------------------------------------
"https://img.ssfshop.com/cmd/RB_750x/src/https://img.ssfshop.com/goods/BPBR/24/10/21/GM0024102179791_0_THNAIL_ORGINL_20241031100202733.jpg, SYSDATE,1"
"https://img.ssfshop.com/cmd/RB_750x/src/https://img.ssfshop.com/goods/BPBR/24/10/21/GM0024102179791_1_THNAIL_ORGINL_20241031100202733.jpg, SYSDATE,1"
"https://img.ssfshop.com/cmd/RB_750x/src/https://img.ssfshop.com/goods/BPBR/24/10/21/GM0024102179791_2_THNAIL_ORGINL_20241031100202733.jpg, SYSDATE,1"
----------------------------------------
"https://img.ssfshop.com/cmd/RB_750x/src/https://img.ssfshop.com/goods/BPBR/24/10/21/GM0024102179793_0_THNAIL_ORGINL_20241030181926283.jpg, SYSDATE,1"
"https://img.ssfshop.com/cmd/RB_750x/src/https://img.ssfshop.com/goods/BPBR/24/10/21/GM0024102179793_1_THNAIL_ORGINL_20241030181926283.jpg, SYSDATE,1"
"https://img.ssfshop.com/cmd/RB_750x/src/https://img.ssfshop.com/goods/BPBR/24/10/21/GM0024102179793_2_THNAIL_ORGINL_20241030181926283.jpg, SYSDATE,1"
----------------------------------------
"https://img.ssfshop.com/cmd/RB_750x/src/https://img.ssfshop.com/goods/BPBR/24/10/17/GM0024101731873_0_THNAIL_ORGINL_20241031100207754.jpg, SYSDATE,1"
"https://img.ssfshop.com/cmd/RB_750x/src/https://img.ssfshop.com/goods/BPBR/24/10/17/GM0024101731873_1_THNAIL_ORGINL_20241031100207754.jpg, SYSDATE,1"
"https://img.ssfshop.com/cmd/RB_750x/src/https://img.ssfshop.com/goods/BPBR/24/10/17/GM0024101731873_2_THNAIL_ORGINL_20241031100207754.jpg, SYSDATE,1"
----------------------------------------
"https://img.ssfshop.com/cmd/RB_750x/src/https://img.ssfshop.com/goods/BPBR/24/10/15/GM0024101599936_0_THNAIL_ORGINL_20241030182254225.jpg, SYSDATE,1"
"https://img.ssfshop.com/cmd/RB_750x/src/https://img.ssfshop.com/goods/BPBR/24/10/15/GM0024101599936_1_THNAIL_ORGINL_20241030182254225.jpg, SYSDATE,1"
"https://img.ssfshop.com/cmd/RB_750x/src/https://img.ssfshop.com/goods/BPBR/24/10/15/GM0024101599936_2_THNAIL_ORGINL_20241030182254225.jpg, SYSDATE,1"
----------------------------------------
"https://img.ssfshop.com/cmd/RB_750x/src/https://img.ssfshop.com/goods/BPBR/24/09/30/GM0024093016034_0_THNAIL_ORGINL_20241028114221018.jpg, SYSDATE,1"
"https://img.ssfshop.com/cmd/RB_750x/src/https://img.ssfshop.com/goods/BPBR/24/09/30/GM0024093016034_1_THNAIL_ORGINL_20241028114221018.jpg, SYSDATE,1"
"https://img.ssfshop.com/cmd/RB_750x/src/https://img.ssfshop.com/goods/BPBR/24/09/30/GM0024093016034_2_THNAIL_ORGINL_20241028114221018.jpg, SYSDATE,1"
----------------------------------------
"https://img.ssfshop.com/cmd/RB_750x/src/https://img.ssfshop.com/goods/BPBR/24/09/04/GM0024090412453_0_THNAIL_ORGINL_20241015200010223.jpg, SYSDATE,1"
"https://img.ssfshop.com/cmd/RB_750x/src/https://img.ssfshop.com/goods/BPBR/24/09/04/GM0024090412453_1_THNAIL_ORGINL_20241015200010223.jpg, SYSDATE,1"
"https://img.ssfshop.com/cmd/RB_750x/src/https://img.ssfshop.com/goods/BPBR/24/09/04/GM0024090412453_2_THNAIL_ORGINL_20241015200010223.jpg, SYSDATE,1"
----------------------------------------
"https://img.ssfshop.com/cmd/RB_750x/src/https://img.ssfshop.com/goods/BPBR/24/09/30/GM0024093016030_0_THNAIL_ORGINL_20241025181921785.jpg, SYSDATE,1"
"https://img.ssfshop.com/cmd/RB_750x/src/https://img.ssfshop.com/goods/BPBR/24/09/30/GM0024093016030_1_THNAIL_ORGINL_20241025181921785.jpg, SYSDATE,1"
"https://img.ssfshop.com/cmd/RB_750x/src/https://img.ssfshop.com/goods/BPBR/24/09/30/GM0024093016030_2_THNAIL_ORGINL_20241025181921785.jpg, SYSDATE,1"
----------------------------------------
"https://img.ssfshop.com/cmd/RB_750x/src/https://img.ssfshop.com/goods/BPBR/24/09/30/GM0024093016031_0_THNAIL_ORGINL_20241028114218284.jpg, SYSDATE,1"
"https://img.ssfshop.com/cmd/RB_750x/src/https://img.ssfshop.com/goods/BPBR/24/09/30/GM0024093016031_1_THNAIL_ORGINL_20241028114218284.jpg, SYSDATE,1"
"https://img.ssfshop.com/cmd/RB_750x/src/https://img.ssfshop.com/goods/BPBR/24/09/30/GM0024093016031_2_THNAIL_ORGINL_20241028114218284.jpg, SYSDATE,1"
----------------------------------------
"https://img.ssfshop.com/cmd/RB_750x/src/https://img.ssfshop.com/goods/BPBR/24/09/30/GM0024093016035_0_THNAIL_ORGINL_20241025180545258.jpg, SYSDATE,1"
"https://img.ssfshop.com/cmd/RB_750x/src/https://img.ssfshop.com/goods/BPBR/24/09/30/GM0024093016035_1_THNAIL_ORGINL_20241025180545258.jpg, SYSDATE,1"
"https://img.ssfshop.com/cmd/RB_750x/src/https://img.ssfshop.com/goods/BPBR/24/09/30/GM0024093016035_0_DETAIL_ORGINL_20241025180545258.jpg, SYSDATE,1"
----------------------------------------
"https://img.ssfshop.com/cmd/RB_750x/src/https://img.ssfshop.com/goods/BPBR/24/09/30/GM0024093016029_0_THNAIL_ORGINL_20241025165600499.jpg, SYSDATE,1"
"https://img.ssfshop.com/cmd/RB_750x/src/https://img.ssfshop.com/goods/BPBR/24/09/30/GM0024093016029_1_THNAIL_ORGINL_20241025165600499.jpg, SYSDATE,1"
"https://img.ssfshop.com/cmd/RB_750x/src/https://img.ssfshop.com/goods/BPBR/24/09/30/GM0024093016029_2_THNAIL_ORGINL_20241025165600499.jpg, SYSDATE,1"
----------------------------------------
"https://img.ssfshop.com/cmd/RB_750x/src/https://img.ssfshop.com/goods/BPBR/24/10/02/GM0024100235424_0_THNAIL_ORGINL_20241025180239766.jpg, SYSDATE,1"
"https://img.ssfshop.com/cmd/RB_750x/src/https://img.ssfshop.com/goods/BPBR/24/10/02/GM0024100235424_1_THNAIL_ORGINL_20241025180239766.jpg, SYSDATE,1"
"https://img.ssfshop.com/cmd/RB_750x/src/https://img.ssfshop.com/goods/BPBR/24/10/02/GM0024100235424_2_THNAIL_ORGINL_20241025180239766.jpg, SYSDATE,1"
재킷베스트
"https://img.ssfshop.com/cmd/RB_750x/src/https://img.ssfshop.com/goods/BPBR/24/10/28/GM0024102882419_0_THNAIL_ORGINL_20241029145019732.jpg, SYSDATE,1"
"https://img.ssfshop.com/cmd/RB_750x/src/https://img.ssfshop.com/goods/BPBR/24/10/28/GM0024102882419_1_THNAIL_ORGINL_20241029145019732.jpg, SYSDATE,1"
"https://img.ssfshop.com/cmd/RB_750x/src/https://img.ssfshop.com/goods/BPBR/24/10/28/GM0024102882419_2_THNAIL_ORGINL_20241029145019732.jpg, SYSDATE,1"
----------------------------------------
"https://img.ssfshop.com/cmd/RB_750x/src/https://img.ssfshop.com/goods/BPBR/24/10/28/GM0024102882418_0_THNAIL_ORGINL_20241029145018386.jpg, SYSDATE,1"
"https://img.ssfshop.com/cmd/RB_750x/src/https://img.ssfshop.com/goods/BPBR/24/10/28/GM0024102882418_1_THNAIL_ORGINL_20241029145018386.jpg, SYSDATE,1"
"https://img.ssfshop.com/cmd/RB_750x/src/https://img.ssfshop.com/goods/BPBR/24/10/28/GM0024102882418_2_THNAIL_ORGINL_20241029145018386.jpg, SYSDATE,1"
----------------------------------------
"https://img.ssfshop.com/cmd/RB_750x/src/https://img.ssfshop.com/goods/BPBR/24/08/26/GM0024082632353_0_THNAIL_ORGINL_20240924172133472.jpg, SYSDATE,1"
"https://img.ssfshop.com/cmd/RB_750x/src/https://img.ssfshop.com/goods/BPBR/24/08/26/GM0024082632353_1_THNAIL_ORGINL_20240924172133472.jpg, SYSDATE,1"
"https://img.ssfshop.com/cmd/RB_750x/src/https://img.ssfshop.com/goods/BPBR/24/08/26/GM0024082632353_2_THNAIL_ORGINL_20240924172133472.jpg, SYSDATE,1"
----------------------------------------
"https://img.ssfshop.com/cmd/RB_750x/src/https://img.ssfshop.com/goods/BPBR/24/09/04/GM0024090412458_0_THNAIL_ORGINL_20241025180543739.jpg, SYSDATE,1"
"https://img.ssfshop.com/cmd/RB_750x/src/https://img.ssfshop.com/goods/BPBR/24/09/04/GM0024090412458_1_THNAIL_ORGINL_20241025180543739.jpg, SYSDATE,1"
"https://img.ssfshop.com/cmd/RB_750x/src/https://img.ssfshop.com/goods/BPBR/24/09/04/GM0024090412458_0_DETAIL_ORGINL_20241025180543739.jpg, SYSDATE,1"
----------------------------------------
"https://img.ssfshop.com/cmd/RB_750x/src/https://img.ssfshop.com/goods/BPBR/24/09/25/GM0024092540999_0_THNAIL_ORGINL_20241028114237408.jpg, SYSDATE,1"
"https://img.ssfshop.com/cmd/RB_750x/src/https://img.ssfshop.com/goods/BPBR/24/09/25/GM0024092540999_0_DETAIL_ORGINL_20241028114237408.jpg, SYSDATE,1"
"https://img.ssfshop.com/cmd/RB_750x/src/https://img.ssfshop.com/goods/BPBR/24/09/25/GM0024092540999_1_THNAIL_ORGINL_20241028114237408.jpg, SYSDATE,1"
----------------------------------------
"https://img.ssfshop.com/cmd/RB_750x/src/https://img.ssfshop.com/goods/BPBR/24/07/19/GM0024071969993_0_THNAIL_ORGINL_20240821211023141.jpg, SYSDATE,1"
"https://img.ssfshop.com/cmd/RB_750x/src/https://img.ssfshop.com/goods/BPBR/24/07/19/GM0024071969993_1_THNAIL_ORGINL_20240821211023141.jpg, SYSDATE,1"
"https://img.ssfshop.com/cmd/RB_750x/src/https://img.ssfshop.com/goods/BPBR/24/07/19/GM0024071969993_2_THNAIL_ORGINL_20240821211023141.jpg, SYSDATE,1"
----------------------------------------
"https://img.ssfshop.com/cmd/RB_750x/src/https://img.ssfshop.com/goods/BPBR/24/08/20/GM0024082003371_0_THNAIL_ORGINL_20240924163312296.jpg, SYSDATE,1"
"https://img.ssfshop.com/cmd/RB_750x/src/https://img.ssfshop.com/goods/BPBR/24/08/20/GM0024082003371_1_THNAIL_ORGINL_20240924163312296.jpg, SYSDATE,1"
"https://img.ssfshop.com/cmd/RB_750x/src/https://img.ssfshop.com/goods/BPBR/24/08/20/GM0024082003371_2_THNAIL_ORGINL_20240924163312296.jpg, SYSDATE,1"
----------------------------------------
"https://img.ssfshop.com/cmd/RB_750x/src/https://img.ssfshop.com/goods/BPBR/24/10/02/GM0024100235432_0_THNAIL_ORGINL_20241112174651931.jpg, SYSDATE,1"
"https://img.ssfshop.com/cmd/RB_750x/src/https://img.ssfshop.com/goods/BPBR/24/10/02/GM0024100235432_1_THNAIL_ORGINL_20241112174651931.jpg, SYSDATE,1"
"https://img.ssfshop.com/cmd/RB_750x/src/https://img.ssfshop.com/goods/BPBR/24/10/02/GM0024100235432_2_THNAIL_ORGINL_20241112174651931.jpg, SYSDATE,1"
----------------------------------------
"https://img.ssfshop.com/cmd/RB_750x/src/https://img.ssfshop.com/goods/BPBR/24/09/25/GM0024092541001_0_THNAIL_ORGINL_20241025180248996.jpg, SYSDATE,1"
"https://img.ssfshop.com/cmd/RB_750x/src/https://img.ssfshop.com/goods/BPBR/24/09/25/GM0024092541001_1_THNAIL_ORGINL_20241025180248996.jpg, SYSDATE,1"
"https://img.ssfshop.com/cmd/RB_750x/src/https://img.ssfshop.com/goods/BPBR/24/09/25/GM0024092541001_2_THNAIL_ORGINL_20241025180248996.jpg, SYSDATE,1"
----------------------------------------
"https://img.ssfshop.com/cmd/RB_750x/src/https://img.ssfshop.com/goods/BPBR/24/10/02/GM0024100235430_0_THNAIL_ORGINL_20241112161707493.jpg, SYSDATE,1"
"https://img.ssfshop.com/cmd/RB_750x/src/https://img.ssfshop.com/goods/BPBR/24/10/02/GM0024100235430_1_THNAIL_ORGINL_20241112161707493.jpg, SYSDATE,1"
"https://img.ssfshop.com/cmd/RB_750x/src/https://img.ssfshop.com/goods/BPBR/24/10/02/GM0024100235430_2_THNAIL_ORGINL_20241112161707493.jpg, SYSDATE,1"
----------------------------------------
"https://img.ssfshop.com/cmd/RB_750x/src/https://img.ssfshop.com/goods/BPBR/24/07/16/GM0024071638919_0_THNAIL_ORGINL_20240822105732900.jpg, SYSDATE,1"
"https://img.ssfshop.com/cmd/RB_750x/src/https://img.ssfshop.com/goods/BPBR/24/07/16/GM0024071638919_1_THNAIL_ORGINL_20240822105732900.jpg, SYSDATE,1"
"https://img.ssfshop.com/cmd/RB_750x/src/https://img.ssfshop.com/goods/BPBR/24/07/16/GM0024071638919_2_THNAIL_ORGINL_20240822105732900.jpg, SYSDATE,1"
----------------------------------------
"https://img.ssfshop.com/cmd/RB_750x/src/https://img.ssfshop.com/goods/BPBR/24/08/30/GM0024083093562_0_THNAIL_ORGINL_20240924183723826.jpg, SYSDATE,1"
"https://img.ssfshop.com/cmd/RB_750x/src/https://img.ssfshop.com/goods/BPBR/24/08/30/GM0024083093562_1_THNAIL_ORGINL_20240924183723826.jpg, SYSDATE,1"
"https://img.ssfshop.com/cmd/RB_750x/src/https://img.ssfshop.com/goods/BPBR/24/08/30/GM0024083093562_2_THNAIL_ORGINL_20240924183723826.jpg, SYSDATE,1"
----------------------------------------
"https://img.ssfshop.com/cmd/RB_750x/src/https://img.ssfshop.com/goods/BPBR/24/08/26/GM0024082632352_0_THNAIL_ORGINL_20240924172128538.jpg, SYSDATE,1"
"https://img.ssfshop.com/cmd/RB_750x/src/https://img.ssfshop.com/goods/BPBR/24/08/26/GM0024082632352_1_THNAIL_ORGINL_20240924172128538.jpg, SYSDATE,1"
"https://img.ssfshop.com/cmd/RB_750x/src/https://img.ssfshop.com/goods/BPBR/24/08/26/GM0024082632352_2_THNAIL_ORGINL_20240924172128538.jpg, SYSDATE,1"
----------------------------------------
"https://img.ssfshop.com/cmd/RB_750x/src/https://img.ssfshop.com/goods/BPBR/24/09/12/GM0024091210295_0_THNAIL_ORGINL_20241015180637997.jpg, SYSDATE,1"
"https://img.ssfshop.com/cmd/RB_750x/src/https://img.ssfshop.com/goods/BPBR/24/09/12/GM0024091210295_1_THNAIL_ORGINL_20241015180637997.jpg, SYSDATE,1"
"https://img.ssfshop.com/cmd/RB_750x/src/https://img.ssfshop.com/goods/BPBR/24/09/12/GM0024091210295_2_THNAIL_ORGINL_20241015180637997.jpg, SYSDATE,1"
----------------------------------------
"https://img.ssfshop.com/cmd/RB_750x/src/https://img.ssfshop.com/goods/BPBR/24/08/20/GM0024082003369_0_THNAIL_ORGINL_20240924163307694.jpg, SYSDATE,1"
"https://img.ssfshop.com/cmd/RB_750x/src/https://img.ssfshop.com/goods/BPBR/24/08/20/GM0024082003369_1_THNAIL_ORGINL_20240924163307694.jpg, SYSDATE,1"
"https://img.ssfshop.com/cmd/RB_750x/src/https://img.ssfshop.com/goods/BPBR/24/08/20/GM0024082003369_2_THNAIL_ORGINL_20240924163307694.jpg, SYSDATE,1"
상의
"https://img.ssfshop.com/cmd/RB_750x/src/https://img.ssfshop.com/goods/BPBR/24/10/21/GM0024102179797_0_THNAIL_ORGINL_20241112174623950.jpg, SYSDATE,1"
"https://img.ssfshop.com/cmd/RB_750x/src/https://img.ssfshop.com/goods/BPBR/24/10/21/GM0024102179797_1_THNAIL_ORGINL_20241112174623950.jpg, SYSDATE,1"
"https://img.ssfshop.com/cmd/RB_750x/src/https://img.ssfshop.com/goods/BPBR/24/10/21/GM0024102179797_2_THNAIL_ORGINL_20241112174623950.jpg, SYSDATE,1"
----------------------------------------
"https://img.ssfshop.com/cmd/RB_750x/src/https://img.ssfshop.com/goods/BPBR/24/10/21/GM0024102179796_0_THNAIL_ORGINL_20241112161643128.jpg, SYSDATE,1"
"https://img.ssfshop.com/cmd/RB_750x/src/https://img.ssfshop.com/goods/BPBR/24/10/21/GM0024102179796_1_THNAIL_ORGINL_20241112161643128.jpg, SYSDATE,1"
"https://img.ssfshop.com/cmd/RB_750x/src/https://img.ssfshop.com/goods/BPBR/24/10/21/GM0024102179796_2_THNAIL_ORGINL_20241112161643128.jpg, SYSDATE,1"
----------------------------------------
"https://img.ssfshop.com/cmd/RB_750x/src/https://img.ssfshop.com/goods/BPBR/24/10/21/GM0024102179794_0_THNAIL_ORGINL_20241112174620121.jpg, SYSDATE,1"
"https://img.ssfshop.com/cmd/RB_750x/src/https://img.ssfshop.com/goods/BPBR/24/10/21/GM0024102179794_1_THNAIL_ORGINL_20241112174620121.jpg, SYSDATE,1"
"https://img.ssfshop.com/cmd/RB_750x/src/https://img.ssfshop.com/goods/BPBR/24/10/21/GM0024102179794_2_THNAIL_ORGINL_20241112174620121.jpg, SYSDATE,1"
----------------------------------------
"https://img.ssfshop.com/cmd/RB_750x/src/https://img.ssfshop.com/goods/BPBR/24/10/21/GM0024102179795_0_THNAIL_ORGINL_20241112161639220.jpg, SYSDATE,1"
"https://img.ssfshop.com/cmd/RB_750x/src/https://img.ssfshop.com/goods/BPBR/24/10/21/GM0024102179795_1_THNAIL_ORGINL_20241112161639220.jpg, SYSDATE,1"
"https://img.ssfshop.com/cmd/RB_750x/src/https://img.ssfshop.com/goods/BPBR/24/10/21/GM0024102179795_2_THNAIL_ORGINL_20241112161639220.jpg, SYSDATE,1"
----------------------------------------
"https://img.ssfshop.com/cmd/RB_750x/src/https://img.ssfshop.com/goods/BPBR/24/10/10/GM0024101037342_0_THNAIL_ORGINL_20241028114223760.jpg, SYSDATE,1"
"https://img.ssfshop.com/cmd/RB_750x/src/https://img.ssfshop.com/goods/BPBR/24/10/10/GM0024101037342_1_THNAIL_ORGINL_20241028114223760.jpg, SYSDATE,1"
"https://img.ssfshop.com/cmd/RB_750x/src/https://img.ssfshop.com/goods/BPBR/24/10/10/GM0024101037342_2_THNAIL_ORGINL_20241028114223760.jpg, SYSDATE,1"
----------------------------------------
"https://img.ssfshop.com/cmd/RB_750x/src/https://img.ssfshop.com/goods/BPBR/24/10/10/GM0024101037345_0_THNAIL_ORGINL_20241112174633050.jpg, SYSDATE,1"
"https://img.ssfshop.com/cmd/RB_750x/src/https://img.ssfshop.com/goods/BPBR/24/10/10/GM0024101037345_1_THNAIL_ORGINL_20241112174633050.jpg, SYSDATE,1"
"https://img.ssfshop.com/cmd/RB_750x/src/https://img.ssfshop.com/goods/BPBR/24/10/10/GM0024101037345_2_THNAIL_ORGINL_20241112174633050.jpg, SYSDATE,1"
----------------------------------------
"https://img.ssfshop.com/cmd/RB_750x/src/https://img.ssfshop.com/goods/BPBR/24/10/10/GM0024101037338_0_THNAIL_ORGINL_20241112161645669.jpg, SYSDATE,1"
"https://img.ssfshop.com/cmd/RB_750x/src/https://img.ssfshop.com/goods/BPBR/24/10/10/GM0024101037338_1_THNAIL_ORGINL_20241112161645669.jpg, SYSDATE,1"
"https://img.ssfshop.com/cmd/RB_750x/src/https://img.ssfshop.com/goods/BPBR/24/10/10/GM0024101037338_2_THNAIL_ORGINL_20241112161645669.jpg, SYSDATE,1"
----------------------------------------
"https://img.ssfshop.com/cmd/RB_750x/src/https://img.ssfshop.com/goods/BPBR/24/10/10/GM0024101037350_0_THNAIL_ORGINL_20241025165620563.jpg, SYSDATE,1"
"https://img.ssfshop.com/cmd/RB_750x/src/https://img.ssfshop.com/goods/BPBR/24/10/10/GM0024101037350_1_THNAIL_ORGINL_20241025165620563.jpg, SYSDATE,1"
"https://img.ssfshop.com/cmd/RB_750x/src/https://img.ssfshop.com/goods/BPBR/24/10/10/GM0024101037350_2_THNAIL_ORGINL_20241025165620563.jpg, SYSDATE,1"
----------------------------------------
"https://img.ssfshop.com/cmd/RB_750x/src/https://img.ssfshop.com/goods/BPBR/24/10/10/GM0024101037341_0_THNAIL_ORGINL_20241112174628187.jpg, SYSDATE,1"
"https://img.ssfshop.com/cmd/RB_750x/src/https://img.ssfshop.com/goods/BPBR/24/10/10/GM0024101037341_1_THNAIL_ORGINL_20241112174628187.jpg, SYSDATE,1"
"https://img.ssfshop.com/cmd/RB_750x/src/https://img.ssfshop.com/goods/BPBR/24/10/10/GM0024101037341_2_THNAIL_ORGINL_20241112174628187.jpg, SYSDATE,1"
----------------------------------------
"https://img.ssfshop.com/cmd/RB_750x/src/https://img.ssfshop.com/goods/BPBR/24/10/10/GM0024101037334_0_THNAIL_ORGINL_20241111143527721.jpg, SYSDATE,1"
"https://img.ssfshop.com/cmd/RB_750x/src/https://img.ssfshop.com/goods/BPBR/24/10/10/GM0024101037334_0_THNAIL_ORGINL_20241025182427945.jpg, SYSDATE,1"
"https://img.ssfshop.com/cmd/RB_750x/src/https://img.ssfshop.com/goods/BPBR/24/10/10/GM0024101037334_1_THNAIL_ORGINL_20241025182427945.jpg, SYSDATE,1"
----------------------------------------
"https://img.ssfshop.com/cmd/RB_750x/src/https://img.ssfshop.com/goods/BPBR/24/10/10/GM0024101037344_0_THNAIL_ORGINL_20241112174630579.jpg, SYSDATE,1"
"https://img.ssfshop.com/cmd/RB_750x/src/https://img.ssfshop.com/goods/BPBR/24/10/10/GM0024101037344_1_THNAIL_ORGINL_20241112174630579.jpg, SYSDATE,1"
"https://img.ssfshop.com/cmd/RB_750x/src/https://img.ssfshop.com/goods/BPBR/24/10/10/GM0024101037344_2_THNAIL_ORGINL_20241112174630579.jpg, SYSDATE,1"
----------------------------------------
"https://img.ssfshop.com/cmd/RB_750x/src/https://img.ssfshop.com/goods/BPBR/24/10/10/GM0024101037343_0_THNAIL_ORGINL_20241111143528387.jpg, SYSDATE,1"
"https://img.ssfshop.com/cmd/RB_750x/src/https://img.ssfshop.com/goods/BPBR/24/10/10/GM0024101037343_0_THNAIL_ORGINL_20241025165607966.jpg, SYSDATE,1"
"https://img.ssfshop.com/cmd/RB_750x/src/https://img.ssfshop.com/goods/BPBR/24/10/10/GM0024101037343_1_THNAIL_ORGINL_20241025165607966.jpg, SYSDATE,1"
----------------------------------------
"https://img.ssfshop.com/cmd/RB_750x/src/https://img.ssfshop.com/goods/BPBR/24/10/10/GM0024101037346_0_THNAIL_ORGINL_20241030172445476.jpg, SYSDATE,1"
"https://img.ssfshop.com/cmd/RB_750x/src/https://img.ssfshop.com/goods/BPBR/24/10/10/GM0024101037346_1_THNAIL_ORGINL_20241030172445476.jpg, SYSDATE,1"
"https://img.ssfshop.com/cmd/RB_750x/src/https://img.ssfshop.com/goods/BPBR/24/10/10/GM0024101037346_2_THNAIL_ORGINL_20241030172445476.jpg, SYSDATE,1"
----------------------------------------
"https://img.ssfshop.com/cmd/RB_750x/src/https://img.ssfshop.com/goods/BPBR/24/10/10/GM0024101037349_0_THNAIL_ORGINL_20241025180250679.jpg, SYSDATE,1"
"https://img.ssfshop.com/cmd/RB_750x/src/https://img.ssfshop.com/goods/BPBR/24/10/10/GM0024101037349_1_THNAIL_ORGINL_20241025180250679.jpg, SYSDATE,1"
"https://img.ssfshop.com/cmd/RB_750x/src/https://img.ssfshop.com/goods/BPBR/24/10/10/GM0024101037349_2_THNAIL_ORGINL_20241025180250679.jpg, SYSDATE,1"
----------------------------------------
"https://img.ssfshop.com/cmd/RB_750x/src/https://img.ssfshop.com/goods/BPBR/24/10/10/GM0024101037340_0_THNAIL_ORGINL_20241112174625973.jpg, SYSDATE,1"
"https://img.ssfshop.com/cmd/RB_750x/src/https://img.ssfshop.com/goods/BPBR/24/10/10/GM0024101037340_1_THNAIL_ORGINL_20241112174625973.jpg, SYSDATE,1"
"https://img.ssfshop.com/cmd/RB_750x/src/https://img.ssfshop.com/goods/BPBR/24/10/10/GM0024101037340_2_THNAIL_ORGINL_20241112174625973.jpg, SYSDATE,1"
하의
"https://img.ssfshop.com/cmd/RB_750x/src/https://img.ssfshop.com/goods/BPBR/24/09/11/GM0024091199357_0_THNAIL_ORGINL_20240920112443850.jpg, SYSDATE,1"
"https://img.ssfshop.com/cmd/RB_750x/src/https://img.ssfshop.com/goods/BPBR/24/09/11/GM0024091199357_1_THNAIL_ORGINL_20240920112443850.jpg, SYSDATE,1"
"https://img.ssfshop.com/cmd/RB_750x/src/https://img.ssfshop.com/goods/BPBR/24/09/11/GM0024091199357_2_THNAIL_ORGINL_20240920112443850.jpg, SYSDATE,1"
----------------------------------------
"https://img.ssfshop.com/cmd/RB_750x/src/https://img.ssfshop.com/goods/BPBR/24/10/15/GM0024101505491_0_THNAIL_ORGINL_20241017183426632.jpg, SYSDATE,1"
"https://img.ssfshop.com/cmd/RB_750x/src/https://img.ssfshop.com/goods/BPBR/24/10/15/GM0024101505491_1_THNAIL_ORGINL_20241017183426632.jpg, SYSDATE,1"
"https://img.ssfshop.com/cmd/RB_750x/src/https://img.ssfshop.com/goods/BPBR/24/10/15/GM0024101505491_2_THNAIL_ORGINL_20241017183426632.jpg, SYSDATE,1"
----------------------------------------
"https://img.ssfshop.com/cmd/RB_750x/src/https://img.ssfshop.com/goods/BPBR/24/10/15/GM0024101505492_0_THNAIL_ORGINL_20241017183427552.jpg, SYSDATE,1"
"https://img.ssfshop.com/cmd/RB_750x/src/https://img.ssfshop.com/goods/BPBR/24/10/15/GM0024101505492_1_THNAIL_ORGINL_20241017183427552.jpg, SYSDATE,1"
"https://img.ssfshop.com/cmd/RB_750x/src/https://img.ssfshop.com/goods/BPBR/24/10/15/GM0024101505492_2_THNAIL_ORGINL_20241017183427552.jpg, SYSDATE,1"
----------------------------------------
"https://img.ssfshop.com/cmd/RB_750x/src/https://img.ssfshop.com/goods/BPBR/24/10/15/GM0024101505493_0_THNAIL_ORGINL_20241017183428485.jpg, SYSDATE,1"
"https://img.ssfshop.com/cmd/RB_750x/src/https://img.ssfshop.com/goods/BPBR/24/10/15/GM0024101505493_1_THNAIL_ORGINL_20241017183428485.jpg, SYSDATE,1"
"https://img.ssfshop.com/cmd/RB_750x/src/https://img.ssfshop.com/goods/BPBR/24/10/15/GM0024101505493_2_THNAIL_ORGINL_20241017183428485.jpg, SYSDATE,1"
----------------------------------------
"https://img.ssfshop.com/cmd/RB_750x/src/https://img.ssfshop.com/goods/BPBR/24/09/20/GM0024092096728_0_THNAIL_ORGINL_20241105175855036.jpg, SYSDATE,1"
"https://img.ssfshop.com/cmd/RB_750x/src/https://img.ssfshop.com/goods/BPBR/24/09/20/GM0024092096728_0_THNAIL_ORGINL_20240924133608134.jpg, SYSDATE,1"
"https://img.ssfshop.com/cmd/RB_750x/src/https://img.ssfshop.com/goods/BPBR/24/09/20/GM0024092096728_1_THNAIL_ORGINL_20240924133608134.jpg, SYSDATE,1"
----------------------------------------
"https://img.ssfshop.com/cmd/RB_750x/src/https://img.ssfshop.com/goods/BPBR/24/09/11/GM0024091199358_0_THNAIL_ORGINL_20240920112444891.jpg, SYSDATE,1"
"https://img.ssfshop.com/cmd/RB_750x/src/https://img.ssfshop.com/goods/BPBR/24/09/11/GM0024091199358_1_THNAIL_ORGINL_20240920112444891.jpg, SYSDATE,1"
"https://img.ssfshop.com/cmd/RB_750x/src/https://img.ssfshop.com/goods/BPBR/24/09/11/GM0024091199358_2_THNAIL_ORGINL_20240920112444891.jpg, SYSDATE,1"
----------------------------------------
"https://img.ssfshop.com/cmd/RB_750x/src/https://img.ssfshop.com/goods/BPBR/24/10/04/GM0024100459841_0_THNAIL_ORGINL_20241105175857925.jpg, SYSDATE,1"
"https://img.ssfshop.com/cmd/RB_750x/src/https://img.ssfshop.com/goods/BPBR/24/10/04/GM0024100459841_0_THNAIL_ORGINL_20241010220811169.jpg, SYSDATE,1"
"https://img.ssfshop.com/cmd/RB_750x/src/https://img.ssfshop.com/goods/BPBR/24/10/04/GM0024100459841_1_THNAIL_ORGINL_20241010220811169.jpg, SYSDATE,1"
----------------------------------------
"https://img.ssfshop.com/cmd/RB_750x/src/https://img.ssfshop.com/goods/BPBR/24/09/20/GM0024092096729_1_THNAIL_ORGINL_20241105175856292.jpg, SYSDATE,1"
"https://img.ssfshop.com/cmd/RB_750x/src/https://img.ssfshop.com/goods/BPBR/24/09/20/GM0024092096729_0_THNAIL_ORGINL_20241105175856292.jpg, SYSDATE,1"
"https://img.ssfshop.com/cmd/RB_750x/src/https://img.ssfshop.com/goods/BPBR/24/09/20/GM0024092096729_0_THNAIL_ORGINL_20240924133609207.jpg, SYSDATE,1"
----------------------------------------
"https://img.ssfshop.com/cmd/RB_750x/src/https://img.ssfshop.com/goods/BPBR/24/09/20/GM0024092096727_1_THNAIL_ORGINL_20241105175854135.jpg, SYSDATE,1"
"https://img.ssfshop.com/cmd/RB_750x/src/https://img.ssfshop.com/goods/BPBR/24/09/20/GM0024092096727_0_THNAIL_ORGINL_20241105175854135.jpg, SYSDATE,1"
"https://img.ssfshop.com/cmd/RB_750x/src/https://img.ssfshop.com/goods/BPBR/24/09/20/GM0024092096727_0_THNAIL_ORGINL_20240924133606997.jpg, SYSDATE,1"
----------------------------------------
"https://img.ssfshop.com/cmd/RB_750x/src/https://img.ssfshop.com/goods/BPBR/24/09/27/GM0024092793999_0_THNAIL_ORGINL_20241002125353055.jpg, SYSDATE,1"
"https://img.ssfshop.com/cmd/RB_750x/src/https://img.ssfshop.com/goods/BPBR/24/09/27/GM0024092793999_1_THNAIL_ORGINL_20241002125353055.jpg, SYSDATE,1"
"https://img.ssfshop.com/cmd/RB_750x/src/https://img.ssfshop.com/goods/BPBR/24/09/27/GM0024092793999_2_THNAIL_ORGINL_20241002125353055.jpg, SYSDATE,1"
----------------------------------------
"https://img.ssfshop.com/cmd/RB_750x/src/https://img.ssfshop.com/goods/BPBR/24/09/20/GM0024092096731_0_THNAIL_ORGINL_20241105175856759.jpg, SYSDATE,1"
"https://img.ssfshop.com/cmd/RB_750x/src/https://img.ssfshop.com/goods/BPBR/24/09/20/GM0024092096731_0_THNAIL_ORGINL_20240924133611471.jpg, SYSDATE,1"
"https://img.ssfshop.com/cmd/RB_750x/src/https://img.ssfshop.com/goods/BPBR/24/09/20/GM0024092096731_1_THNAIL_ORGINL_20240924133611471.jpg, SYSDATE,1"
----------------------------------------
"https://img.ssfshop.com/cmd/RB_750x/src/https://img.ssfshop.com/goods/BPBR/24/10/04/GM0024100459842_0_THNAIL_ORGINL_20241105175858195.jpg, SYSDATE,1"
"https://img.ssfshop.com/cmd/RB_750x/src/https://img.ssfshop.com/goods/BPBR/24/10/04/GM0024100459842_1_THNAIL_ORGINL_20241105175858195.jpg, SYSDATE,1"
"https://img.ssfshop.com/cmd/RB_750x/src/https://img.ssfshop.com/goods/BPBR/24/10/04/GM0024100459842_0_THNAIL_ORGINL_20241010220812438.jpg, SYSDATE,1"
----------------------------------------
"https://img.ssfshop.com/cmd/RB_750x/src/https://img.ssfshop.com/goods/BPBR/24/09/20/GM0024092096730_0_THNAIL_ORGINL_20241105175856590.jpg, SYSDATE,1"
"https://img.ssfshop.com/cmd/RB_750x/src/https://img.ssfshop.com/goods/BPBR/24/09/20/GM0024092096730_0_THNAIL_ORGINL_20240924133610253.jpg, SYSDATE,1"
"https://img.ssfshop.com/cmd/RB_750x/src/https://img.ssfshop.com/goods/BPBR/24/09/20/GM0024092096730_1_THNAIL_ORGINL_20240924133610253.jpg, SYSDATE,1"
----------------------------------------
"https://img.ssfshop.com/cmd/RB_750x/src/https://img.ssfshop.com/goods/BPBR/24/10/04/GM0024100459843_0_THNAIL_ORGINL_20241105175858572.jpg, SYSDATE,1"
"https://img.ssfshop.com/cmd/RB_750x/src/https://img.ssfshop.com/goods/BPBR/24/10/04/GM0024100459843_0_THNAIL_ORGINL_20241010220813770.jpg, SYSDATE,1"
"https://img.ssfshop.com/cmd/RB_750x/src/https://img.ssfshop.com/goods/BPBR/24/10/04/GM0024100459843_1_THNAIL_ORGINL_20241010220813770.jpg, SYSDATE,1"
----------------------------------------
"https://img.ssfshop.com/cmd/RB_750x/src/https://img.ssfshop.com/goods/BPBR/24/10/04/GM0024100459844_0_THNAIL_ORGINL_20241105175858835.jpg, SYSDATE,1"
"https://img.ssfshop.com/cmd/RB_750x/src/https://img.ssfshop.com/goods/BPBR/24/10/04/GM0024100459844_1_THNAIL_ORGINL_20241105175858835.jpg, SYSDATE,1"
"https://img.ssfshop.com/cmd/RB_750x/src/https://img.ssfshop.com/goods/BPBR/24/10/04/GM0024100459844_0_THNAIL_ORGINL_20241010220814912.jpg, SYSDATE,1"
패션잡화
