"https://www.ganexon.co.kr/LCST/notice/top.jpg, SYSDATE,2"
"https://www.ganexon.co.kr/LCST/page/2024/CH108E-54NHDE/CH108E-54NHDE.jpg, SYSDATE,2"
"https://www.ganexon.co.kr/LCST/size/top.jpg, SYSDATE,2"
----------------------------------------
"https://www.ganexon.co.kr/LCST/notice/top.jpg, SYSDATE,2"
"https://www.ganexon.co.kr/LCST/page/2024/CH7210-54NCCA/CH7210-54NCCA.jpg, SYSDATE,2"
"https://www.ganexon.co.kr/LCST/size/top.jpg, SYSDATE,2"
----------------------------------------
"https://www.ganexon.co.kr/LCST/notice/top.jpg, SYSDATE,2"
"https://www.ganexon.co.kr/LCST/page/2024/CH108E-54NL7A/CH108E-54NL7A.jpg, SYSDATE,2"
"https://www.ganexon.co.kr/LCST/size/top.jpg, SYSDATE,2"
----------------------------------------
"https://www.ganexon.co.kr/LCST/notice/top.jpg, SYSDATE,2"
"https://www.ganexon.co.kr/LCST/page/2024/CH441E-54NRHDE/CH441E-54NRHDE.jpg, SYSDATE,2"
"https://www.ganexon.co.kr/LCST/size/top.jpg, SYSDATE,2"
----------------------------------------
"https://www.ganexon.co.kr/LCST/notice/top.jpg, SYSDATE,2"
"https://www.ganexon.co.kr/LCST/page/2024/CH7227-54NI8W/CH7227-54NI8W.jpg, SYSDATE,2"
"https://www.ganexon.co.kr/LCST/size/top.jpg, SYSDATE,2"
----------------------------------------
"https://www.ganexon.co.kr/LCST/notice/top.jpg, SYSDATE,2"
"https://www.ganexon.co.kr/LCST/page/2024/CH441E-54NR132/CH441E-54NR132.jpg, SYSDATE,2"
"https://www.ganexon.co.kr/LCST/size/top.jpg, SYSDATE,2"
----------------------------------------
"https://www.ganexon.co.kr/LCST/notice/top.jpg, SYSDATE,2"
"https://www.ganexon.co.kr/LCST/page/2024/CH642E-54NSIX/CH642E-54NSIX.jpg, SYSDATE,2"
"https://www.ganexon.co.kr/LCST/size/top.jpg, SYSDATE,2"
----------------------------------------
"https://www.ganexon.co.kr/LCST/notice/top.jpg, SYSDATE,2"
"https://www.ganexon.co.kr/LCST/page/2024/CH7209-54NIC3/CH7209-54NIC3.jpg, SYSDATE,2"
"https://www.ganexon.co.kr/LCST/size/top.jpg, SYSDATE,2"
----------------------------------------
"https://www.ganexon.co.kr/LCST/notice/top.jpg, SYSDATE,2"
"https://www.ganexon.co.kr/LCST/page/2024/CH431E-54N166/CH431E-54N166.jpg, SYSDATE,2"
"https://www.ganexon.co.kr/LCST/size/top.jpg, SYSDATE,2"
----------------------------------------
"https://www.ganexon.co.kr/LCST/notice/top.jpg, SYSDATE,2"
"https://www.ganexon.co.kr/LCST/page/2024/CH831E-54N166/CH831E-54N166.jpg, SYSDATE,2"
"https://www.ganexon.co.kr/LCST/size/top.jpg, SYSDATE,2"
----------------------------------------
"https://www.ganexon.co.kr/LCST/notice/top.jpg, SYSDATE,2"
"https://www.ganexon.co.kr/LCST/page/2024/CH642E-54N166/CH642E-54N166.jpg, SYSDATE,2"
"https://www.ganexon.co.kr/LCST/size/top.jpg, SYSDATE,2"
----------------------------------------
"https://www.ganexon.co.kr/LCST/notice/top.jpg, SYSDATE,2"
"https://www.ganexon.co.kr/LCST/page/2024/CH642E-54N132/CH642E-54N132.jpg, SYSDATE,2"
"https://www.ganexon.co.kr/LCST/size/top.jpg, SYSDATE,2"
----------------------------------------
"https://www.ganexon.co.kr/LCST/notice/top.jpg, SYSDATE,2"
"https://www.ganexon.co.kr/LCST/page/2024/CH4612-54NIC3/CH4612-54NIC3.jpg, SYSDATE,2"
"https://www.ganexon.co.kr/LCST/size/top.jpg, SYSDATE,2"
----------------------------------------
"https://www.ganexon.co.kr/LCST/notice/top.jpg, SYSDATE,2"
"https://www.ganexon.co.kr/LCST/page/2024/CH4612-54N2UG/CH4612-54N2UG.jpg, SYSDATE,2"
"https://www.ganexon.co.kr/LCST/size/top.jpg, SYSDATE,2"
----------------------------------------
"https://www.ganexon.co.kr/LCST/notice/top.jpg, SYSDATE,2"
"https://www.ganexon.co.kr/LCST/page/2024/CH431E-54N050/CH431E-54N050.jpg, SYSDATE,2"
"https://www.ganexon.co.kr/LCST/size/top.jpg, SYSDATE,2"
상의 끝
"https://www.ganexon.co.kr/LCST/notice/top.jpg, SYSDATE,2"
"https://www.ganexon.co.kr/LCST/page/2024/BH7141-54N02S/BH7141-54N02S.jpg, SYSDATE,2"
"https://www.ganexon.co.kr/LCST/size/top.jpg, SYSDATE,2"
----------------------------------------
"https://www.ganexon.co.kr/LCST/notice/top.jpg, SYSDATE,2"
"https://www.ganexon.co.kr/LCST/page/2024/BH7841-54N031/BH7841-54N031.jpg, SYSDATE,2"
"https://www.ganexon.co.kr/LCST/size/top.jpg, SYSDATE,2"
----------------------------------------
"https://www.ganexon.co.kr/LCST/notice/top.jpg, SYSDATE,2"
"https://www.ganexon.co.kr/LCST/page/2024/SH500E-54NCCA/SH500E-54NCCA.jpg, SYSDATE,2"
"https://www.ganexon.co.kr/LCST/size/top.jpg, SYSDATE,2"
----------------------------------------
"https://www.ganexon.co.kr/LCST/notice/top.jpg, SYSDATE,2"
"https://www.ganexon.co.kr/LCST/page/2024/BH950E-54NHDE/BH950E-54NHDE.jpg, SYSDATE,2"
"https://www.ganexon.co.kr/LCST/size/top.jpg, SYSDATE,2"
----------------------------------------
"https://www.ganexon.co.kr/LCST/notice/top.jpg, SYSDATE,2"
"https://www.ganexon.co.kr/LCST/page/2024/SH500E-54N70V/SH500E-54N70V.jpg, SYSDATE,2"
"https://www.ganexon.co.kr/LCST/size/top.jpg, SYSDATE,2"
----------------------------------------
"https://www.ganexon.co.kr/LCST/notice/top.jpg, SYSDATE,2"
"https://www.ganexon.co.kr/LCST/page/2024/BH654E-54N031/BH654E-54N031.jpg, SYSDATE,2"
"https://www.ganexon.co.kr/LCST/size/top.jpg, SYSDATE,2"
----------------------------------------
"https://www.ganexon.co.kr/LCST/notice/top.jpg, SYSDATE,2"
"https://www.ganexon.co.kr/LCST/page/2024/BH7841-54N166/BH7841-54N166.jpg, SYSDATE,2"
"https://www.ganexon.co.kr/LCST/size/top.jpg, SYSDATE,2"
----------------------------------------
"https://www.ganexon.co.kr/LCST/notice/top.jpg, SYSDATE,2"
"https://www.ganexon.co.kr/LCST/page/2024/BH784E-54N031/BH784E-54N031.jpg, SYSDATE,2"
"https://www.ganexon.co.kr/LCST/size/top.jpg, SYSDATE,2"
----------------------------------------
"https://www.ganexon.co.kr/LCST/notice/top.jpg, SYSDATE,2"
"https://www.ganexon.co.kr/LCST/page/2024/BH991E-54N031/BH991E-54N031.jpg, SYSDATE,2"
"https://www.ganexon.co.kr/LCST/size/top.jpg, SYSDATE,2"
----------------------------------------
"https://www.ganexon.co.kr/LCST/notice/top.jpg, SYSDATE,2"
"https://www.ganexon.co.kr/LCST/page/2024/BH784E-54N02S/BH784E-54N02S.jpg, SYSDATE,2"
"https://www.ganexon.co.kr/LCST/size/top.jpg, SYSDATE,2"
----------------------------------------
"https://www.ganexon.co.kr/LCST/notice/top.jpg, SYSDATE,2"
"https://www.ganexon.co.kr/LCST/page/2024/BH950E-54NL7A/BH950E-54NL7A.jpg, SYSDATE,2"
"https://www.ganexon.co.kr/LCST/size/top.jpg, SYSDATE,2"
----------------------------------------
"https://www.ganexon.co.kr/LCST/notice/top.jpg, SYSDATE,2"
"https://www.ganexon.co.kr/LCST/page/2024/BH991E-54NYZP/BH991E-54NYZP.jpg, SYSDATE,2"
"https://www.ganexon.co.kr/LCST/size/top.jpg, SYSDATE,2"
----------------------------------------
"https://www.ganexon.co.kr/LCST/notice/top.jpg, SYSDATE,2"
"https://www.ganexon.co.kr/LCST/page/2024/BH2895-54NBMY/BH2895-54NBMY.jpg, SYSDATE,2"
"https://www.ganexon.co.kr/LCST/size/top.jpg, SYSDATE,2"
----------------------------------------
"https://www.ganexon.co.kr/LCST/notice/top.jpg, SYSDATE,2"
"https://www.ganexon.co.kr/LCST/page/2024/BH991E-54N02S/BH991E-54N02S.jpg, SYSDATE,2"
"https://www.ganexon.co.kr/LCST/size/top.jpg, SYSDATE,2"
----------------------------------------
"https://www.ganexon.co.kr/LCST/notice/top.jpg, SYSDATE,2"
"https://www.ganexon.co.kr/LCST/page/2024/BH2895-54N031/BH2895-54N031.jpg, SYSDATE,2"
"https://www.ganexon.co.kr/LCST/size/top.jpg, SYSDATE,2"
아우터 끝
"https://www.ganexon.co.kr/LCST/notice/top.jpg, SYSDATE,2"
"https://www.ganexon.co.kr/LCST/page/2024/BH2895-54NBMY/BH2895-54NBMY.jpg, SYSDATE,2"
"https://www.ganexon.co.kr/LCST/size/top.jpg, SYSDATE,2"
----------------------------------------
"https://www.ganexon.co.kr/LCST/notice/top.jpg, SYSDATE,2"
"https://www.ganexon.co.kr/LCST/page/2024/BH2895-54N031/BH2895-54N031.jpg, SYSDATE,2"
"https://www.ganexon.co.kr/LCST/size/top.jpg, SYSDATE,2"
----------------------------------------
"https://www.ganexon.co.kr/LCST/notice/top.jpg, SYSDATE,2"
"https://www.ganexon.co.kr/LCST/page/2024/VH402E-54N050/VH402E-54N050.jpg, SYSDATE,2"
"https://www.ganexon.co.kr/LCST/size/top.jpg, SYSDATE,2"
----------------------------------------
"https://www.ganexon.co.kr/LCST/notice/top.jpg, SYSDATE,2"
"https://www.ganexon.co.kr/LCST/page/2024/BH602E-54N050/BH602E-54N050.jpg, SYSDATE,2"
"https://www.ganexon.co.kr/LCST/size/top.jpg, SYSDATE,2"
----------------------------------------
"https://www.ganexon.co.kr/LCST/notice/top.jpg, SYSDATE,2"
"https://www.ganexon.co.kr/LCST/page/2024/BH602E-54N031/BH602E-54N031.jpg, SYSDATE,2"
"https://www.ganexon.co.kr/LCST/size/top.jpg, SYSDATE,2"
----------------------------------------
"https://www.ganexon.co.kr/LCST/notice/top.jpg, SYSDATE,2"
"https://www.ganexon.co.kr/LCST/page/2024/BH182E-54N166/BH182E-54N166.jpg, SYSDATE,2"
"https://www.ganexon.co.kr/LCST/size/top.jpg, SYSDATE,2"
----------------------------------------
"https://www.ganexon.co.kr/LCST/notice/top.jpg, SYSDATE,2"
"https://www.ganexon.co.kr/LCST/page/2024/BH412E-54NHDE/BH412E-54NHDE.jpg, SYSDATE,2"
"https://www.ganexon.co.kr/LCST/size/top.jpg, SYSDATE,2"
----------------------------------------
"https://www.ganexon.co.kr/LCST/notice/top.jpg, SYSDATE,2"
"https://www.ganexon.co.kr/LCST/page/2024/BH182E-54N031/BH182E-54N031.jpg, SYSDATE,2"
"https://www.ganexon.co.kr/LCST/size/top.jpg, SYSDATE,2"
----------------------------------------
"https://www.ganexon.co.kr/LCST/notice/top.jpg, SYSDATE,2"
"https://www.ganexon.co.kr/LCST/page/2024/VH402E-54NEL6/VH402E-54NEL6.jpg, SYSDATE,2"
"https://www.ganexon.co.kr/LCST/size/top.jpg, SYSDATE,2"
----------------------------------------
"https://www.ganexon.co.kr/LCST/notice/top.jpg, SYSDATE,2"
"https://www.ganexon.co.kr/LCST/page/2024/BH412E-54N050/BH412E-54N050.jpg, SYSDATE,2"
"https://www.ganexon.co.kr/LCST/size/top.jpg, SYSDATE,2"
----------------------------------------
"https://www.ganexon.co.kr/LCST/notice/top.jpg, SYSDATE,2"
"https://www.ganexon.co.kr/LCST/page/2024/BH182E-54N02S/BH182E-54N02S.jpg, SYSDATE,2"
"https://www.ganexon.co.kr/LCST/size/top.jpg, SYSDATE,2"
----------------------------------------
"https://www.ganexon.co.kr/LCST/notice/top_SS.jpg, SYSDATE,2"
"https://www.ganexon.co.kr/LCST/page/2024/VH7175-54G031/VH7175-54G031.jpg, SYSDATE,2"
"https://www.ganexon.co.kr/LCST/size/top.jpg, SYSDATE,2"
----------------------------------------
"https://www.ganexon.co.kr/LCST/notice/top_SS.jpg, SYSDATE,2"
"https://www.ganexon.co.kr/LCST/page/2024/SH1368-54GQIE/SH1368-54GQIE.jpg, SYSDATE,2"
"https://www.ganexon.co.kr/LCST/size/top.jpg, SYSDATE,2"
----------------------------------------
"https://www.ganexon.co.kr/LCST/notice/top_SS.jpg, SYSDATE,2"
"https://www.ganexon.co.kr/LCST/page/2024/SH1368-54GIRP/SH1368-54GIRP.jpg, SYSDATE,2"
"https://www.ganexon.co.kr/LCST/size/top.jpg, SYSDATE,2"
----------------------------------------
"https://www.ganexon.co.kr/LCST/notice/top.jpg, SYSDATE,2"
"https://www.ganexon.co.kr/LCST/page/2023/BH982E-53NCB8/BH982E-53NCB8.jpg, SYSDATE,2"
"https://www.ganexon.co.kr/LCST/size/top.jpg, SYSDATE,2"
재킷베스트 끝
"https://www.ganexon.co.kr/LCST/notice/top.jpg, SYSDATE,2"
"https://www.ganexon.co.kr/LCST/page/2024/RE0058-54N166/RE0058-54N166.jpg, SYSDATE,2"
"https://www.ganexon.co.kr/LCST/size/acc.jpg, SYSDATE,2"
----------------------------------------
"https://www.ganexon.co.kr/LCST/notice/top.jpg, SYSDATE,2"
"https://www.ganexon.co.kr/LCST/page/2024/RV101E-54N031/RV101E-54N031.jpg, SYSDATE,2"
"https://www.ganexon.co.kr/LCST/size/acc.jpg, SYSDATE,2"
----------------------------------------
"https://www.ganexon.co.kr/LCST/notice/top.jpg, SYSDATE,2"
"https://www.ganexon.co.kr/LCST/page/2024/RV101E-54NCCA/RV101E-54NCCA.jpg, SYSDATE,2"
"https://www.ganexon.co.kr/LCST/size/acc.jpg, SYSDATE,2"
----------------------------------------
"https://www.ganexon.co.kr/LCST/notice/top.jpg, SYSDATE,2"
"https://www.ganexon.co.kr/LCST/page/2024/RE002E-54N031/RE002E-54N031.jpg, SYSDATE,2"
"https://www.ganexon.co.kr/LCST/size/acc.jpg, SYSDATE,2"
----------------------------------------
"https://www.ganexon.co.kr/LCST/notice/top.jpg, SYSDATE,2"
"https://www.ganexon.co.kr/LCST/page/2024/RE002E-54N70V/RE002E-54N70V.jpg, SYSDATE,2"
"https://www.ganexon.co.kr/LCST/size/acc.jpg, SYSDATE,2"
----------------------------------------
"https://www.ganexon.co.kr/LCST/notice/top.jpg, SYSDATE,2"
"https://www.ganexon.co.kr/LCST/page/2024/RB3152-54N02S/RB3152-54N02S.jpg, SYSDATE,2"
"https://www.ganexon.co.kr/LCST/size/acc.jpg, SYSDATE,2"
----------------------------------------
"https://www.ganexon.co.kr/LCST/notice/top.jpg, SYSDATE,2"
"https://www.ganexon.co.kr/LCST/page/2024/RE0058-54N031/RE0058-54N031.jpg, SYSDATE,2"
"https://www.ganexon.co.kr/LCST/size/acc.jpg, SYSDATE,2"
----------------------------------------
"https://www.ganexon.co.kr/LCST/notice/top.jpg, SYSDATE,2"
"https://www.ganexon.co.kr/LCST/page/2024/RB4737-54NI7Y/RB4737-54NI7Y.jpg, SYSDATE,2"
"https://www.ganexon.co.kr/LCST/size/acc.jpg, SYSDATE,2"
----------------------------------------
"https://www.ganexon.co.kr/LCST/notice/top.jpg, SYSDATE,2"
"https://www.ganexon.co.kr/LCST/page/2024/RE003E-54NSHI/RE003E-54NSHI.jpg, SYSDATE,2"
"https://www.ganexon.co.kr/LCST/size/acc.jpg, SYSDATE,2"
----------------------------------------
"https://www.ganexon.co.kr/LCST/notice/top.jpg, SYSDATE,2"
"https://www.ganexon.co.kr/LCST/page/2024/RE7394-54N031/RE7394-54N031.jpg, SYSDATE,2"
"https://www.ganexon.co.kr/LCST/size/acc.jpg, SYSDATE,2"
----------------------------------------
"https://www.ganexon.co.kr/LCST/notice/top.jpg, SYSDATE,2"
"https://www.ganexon.co.kr/LCST/page/2024/RE001E-54N050/RE001E-54N050.jpg, SYSDATE,2"
"https://www.ganexon.co.kr/LCST/size/acc.jpg, SYSDATE,2"
----------------------------------------
"https://www.ganexon.co.kr/LCST/notice/top.jpg, SYSDATE,2"
"https://www.ganexon.co.kr/LCST/page/2024/RV0452-54N166/RV0452-54N166.jpg, SYSDATE,2"
"https://www.ganexon.co.kr/LCST/size/acc.jpg, SYSDATE,2"
----------------------------------------
"https://www.ganexon.co.kr/LCST/notice/top.jpg, SYSDATE,2"
"https://www.ganexon.co.kr/LCST/page/2024/RE003E-54NCCA/RE003E-54NCCA.jpg, SYSDATE,2"
"https://www.ganexon.co.kr/LCST/size/acc.jpg, SYSDATE,2"
----------------------------------------
"https://www.ganexon.co.kr/LCST/notice/top.jpg, SYSDATE,2"
"https://www.ganexon.co.kr/LCST/page/2024/RE001E-54NXFJ/RE001E-54NXFJ.jpg, SYSDATE,2"
"https://www.ganexon.co.kr/LCST/size/acc.jpg, SYSDATE,2"
----------------------------------------
"https://www.ganexon.co.kr/LCST/notice/top.jpg, SYSDATE,2"
"https://www.ganexon.co.kr/LCST/page/2024/RB4737-54NI7X/RB4737-54NI7X.jpg, SYSDATE,2"
"https://www.ganexon.co.kr/LCST/size/acc.jpg, SYSDATE,2"
패션잡화 끝
"https://www.ganexon.co.kr/LCST/notice/top.jpg, SYSDATE,2"
"https://www.ganexon.co.kr/LCST/page/2024/HH707E-54NR02S/HH707E-54NR02S.jpg, SYSDATE,2"
"https://www.ganexon.co.kr/LCST/size/bottom.jpg, SYSDATE,2"
----------------------------------------
"https://www.ganexon.co.kr/LCST/notice/top.jpg, SYSDATE,2"
"https://www.ganexon.co.kr/LCST/page/2024/HH432E-54N050/HH432E-54N050.jpg, SYSDATE,2"
"https://www.ganexon.co.kr/LCST/size/bottom.jpg, SYSDATE,2"
----------------------------------------
"https://www.ganexon.co.kr/LCST/notice/top.jpg, SYSDATE,2"
"https://www.ganexon.co.kr/LCST/page/2024/HH432E-54NBMY/HH432E-54NBMY.jpg, SYSDATE,2"
"https://www.ganexon.co.kr/LCST/size/bottom.jpg, SYSDATE,2"
----------------------------------------
"https://www.ganexon.co.kr/LCST/notice/top.jpg, SYSDATE,2"
"https://www.ganexon.co.kr/LCST/page/2024/HH452E-54NSHI/HH452E-54NSHI.jpg, SYSDATE,2"
"https://www.ganexon.co.kr/LCST/size/bottom.jpg, SYSDATE,2"
----------------------------------------
"https://www.ganexon.co.kr/LCST/notice/top.jpg, SYSDATE,2"
"https://www.ganexon.co.kr/LCST/page/2024/HH452E-54NYZP/HH452E-54NYZP.jpg, SYSDATE,2"
"https://www.ganexon.co.kr/LCST/size/bottom.jpg, SYSDATE,2"
----------------------------------------
"https://www.ganexon.co.kr/LCST/notice/top.jpg, SYSDATE,2"
"https://www.ganexon.co.kr/LCST/page/2024/HH452E-54N02S/HH452E-54N02S.jpg, SYSDATE,2"
"https://www.ganexon.co.kr/LCST/size/bottom.jpg, SYSDATE,2"
----------------------------------------
"https://www.ganexon.co.kr/LCST/notice/top.jpg, SYSDATE,2"
"https://www.ganexon.co.kr/LCST/page/2024/HH450E-54NMK9/HH450E-54NMK9.jpg, SYSDATE,2"
"https://www.ganexon.co.kr/LCST/size/bottom.jpg, SYSDATE,2"
----------------------------------------
"https://www.ganexon.co.kr/LCST/notice/top.jpg, SYSDATE,2"
"https://www.ganexon.co.kr/LCST/page/2024/HH450E-54N166/HH450E-54N166.jpg, SYSDATE,2"
"https://www.ganexon.co.kr/LCST/size/bottom.jpg, SYSDATE,2"
----------------------------------------
"https://www.ganexon.co.kr/LCST/notice/top.jpg, SYSDATE,2"
"https://www.ganexon.co.kr/LCST/page/2024/HH745E-54N02S/HH745E-54N02S.jpg, SYSDATE,2"
"https://www.ganexon.co.kr/LCST/size/bottom.jpg, SYSDATE,2"
----------------------------------------
"https://www.ganexon.co.kr/LCST/notice/top.jpg, SYSDATE,2"
"https://www.ganexon.co.kr/LCST/page/2024/HH452E-54NBUQ/HH452E-54NBUQ.jpg, SYSDATE,2"
"https://www.ganexon.co.kr/LCST/size/bottom.jpg, SYSDATE,2"
----------------------------------------
"https://www.ganexon.co.kr/LCST/notice/top.jpg, SYSDATE,2"
"https://www.ganexon.co.kr/LCST/page/2024/HH749E-54NSIX/HH749E-54NSIX.jpg, SYSDATE,2"
"https://www.ganexon.co.kr/LCST/size/bottom.jpg, SYSDATE,2"
----------------------------------------
"https://www.ganexon.co.kr/LCST/notice/top.jpg, SYSDATE,2"
"https://www.ganexon.co.kr/LCST/page/2024/HH749E-54N02S/HH749E-54N02S.jpg, SYSDATE,2"
"https://www.ganexon.co.kr/LCST/size/bottom.jpg, SYSDATE,2"
----------------------------------------
"https://www.ganexon.co.kr/LCST/notice/top.jpg, SYSDATE,2"
"https://www.ganexon.co.kr/LCST/page/2024/HH749E-54N050/HH749E-54N050.jpg, SYSDATE,2"
"https://www.ganexon.co.kr/LCST/size/bottom.jpg, SYSDATE,2"
----------------------------------------
"https://www.ganexon.co.kr/LCST/notice/top.jpg, SYSDATE,2"
"https://www.ganexon.co.kr/LCST/page/2024/HH094E-54NHDE/HH094E-54NHDE.jpg, SYSDATE,2"
"https://www.ganexon.co.kr/LCST/size/bottom.jpg, SYSDATE,2"
----------------------------------------
"https://www.ganexon.co.kr/LCST/notice/top.jpg, SYSDATE,2"
"https://www.ganexon.co.kr/LCST/page/2024/HH817E-54N031/HH817E-54N031.jpg, SYSDATE,2"
"https://www.ganexon.co.kr/LCST/size/bottom.jpg, SYSDATE,2"
하의 끝
